epoch,accuracy,loss,val_accuracy,val_loss
0,0.6065189242362976,6.427567958831787,0.7318007349967957,0.582328200340271
